1,January,Monday,Tuesday,Wednesday,Thursday,Friday,Saturday,Sunday,1,2,3,4,5,6,7,8,9,10,11,12,13,14,15,16,17,18,19,20,21,22,23,24,25,26,27,28,29,30,31
2,February,Monday,Tuesday,Wednesday,Thursday,Friday,Saturday,Sunday,1,2,3,4,5,6,7,8,9,10,11,12,13,14,15,16,17,18,19,20,21,22,23,24,25,26,27,28,29,30,31
3,March,Monday,Tuesday,Wednesday,Thursday,Friday,Saturday,Sunday,1,2,3,4,5,6,7,8,9,10,11,12,13,14,15,16,17,18,19,20,21,22,23,24,25,26,27,28,29,30,31
4,April,Monday,Tuesday,Wednesday,Thursday,Friday,Saturday,Sunday,1,2,3,4,5,6,7,8,9,10,11,12,13,14,15,16,17,18,19,20,21,22,23,24,25,26,27,28,29,30,31
5,May,Monday,Tuesday,Wednesday,Thursday,Friday,Saturday,Sunday,1,2,3,4,5,6,7,8,9,10,11,12,13,14,15,16,17,18,19,20,21,22,23,24,25,26,27,28,29,30,31
6,June,Monday,Tuesday,Wednesday,Thursday,Friday,Saturday,Sunday,1,2,3,4,5,6,7,8,9,10,11,12,13,14,15,16,17,18,19,20,21,22,23,24,25,26,27,28,29,30,31
7,July,Monday,Tuesday,Wednesday,Thursday,Friday,Saturday,Sunday,1,2,3,4,5,6,7,8,9,10,11,12,13,14,15,16,17,18,19,20,21,22,23,24,25,26,27,28,29,30,31
8,August,Monday,Tuesday,Wednesday,Thursday,Friday,Saturday,Sunday,1,2,3,4,5,6,7,8,9,10,11,12,13,14,15,16,17,18,19,20,21,22,23,24,25,26,27,28,29,30,31
9,September,Monday,Tuesday,Wednesday,Thursday,Friday,Saturday,Sunday,1,2,3,4,5,6,7,8,9,10,11,12,13,14,15,16,17,18,19,20,21,22,23,24,25,26,27,28,29,30,31
10,October,Monday,Tuesday,Wednesday,Thursday,Friday,Saturday,Sunday,1,2,3,4,5,6,7,8,9,10,11,12,13,14,15,16,17,18,19,20,21,22,23,24,25,26,27,28,29,30,31
11,November,Monday,Tuesday,Wednesday,Thursday,Friday,Saturday,Sunday,1,2,3,4,5,6,7,8,9,10,11,12,13,14,15,16,17,18,19,20,21,22,23,24,25,26,27,28,29,30,31
12,December,Monday,Tuesday,Wednesday,Thursday,Friday,Saturday,Sunday,1,2,3,4,5,6,7,8,9,10,11,12,13,14,15,16,17,18,19,20,21,22,23,24,25,26,27,28,29,30,31
